total_formants,max_formant,mdist,residual_energy,sos_geom_mean,validity,mdist_ratio,sos_geom_mean_ratio,r2_f1,r2_f2,r2_f3,r2_f4,r2_f5,energy_ratio,validity_ratio
<<<<<<< HEAD
4.5,5500,3.00130035396051,3.56338472677019e-08,410974.3009676702,1,2.00498704356482,6.15746705257794,0.9724575484220402,0.2239980599897236,0.7188437655750741,0,0,1,1
5,5500,2.199983142473078,4.106752062390911e-08,391204.722645778,0.05,1.4696755327732773,5.861267200485518,0.9665770367663543,0.06629064188647411,0.6799371230514218,0,0,1.1524862952738821,20
5.5,5500,1.4969175803870873,9.742302503194228e-08,66744.05197111174,1,1,1,0.9369956213880265,0.5372106085043198,0.7105744419040061,0,0,2.7340024303310457,1
6,5500,10.159670400331926,7.317359468477427e-07,22535289.547198907,0.6,6.787060646121038,337.63742058921844,0.9094634787456036,0.6126690043880049,0.5056189425187374,0,0,20.534856686972997,1.6666666666666667
=======
3.5,5500,1,0.00013158117469011887,22729266.299580023,0.7058823529411765,1,1,0.6883372533958314,0.6804536268230419,0.4842751792852949,0,0,1,1
>>>>>>> 2f65283dc18afc74c5d4f4fa6097dffd9e6abb93
