total_formants,max_formant,mdist,residual_energy,sos_geom_mean,validity,mdist_ratio,sos_geom_mean_ratio,r2_f1,r2_f2,r2_f3,r2_f4,r2_f5,energy_ratio,validity_ratio
4.5,5500,1,2.9531359773227455e-06,39318824.247388996,0.631578947368421,1,2.611982213922976,0.5213009168894299,0.7277718870131198,0.4176689536020519,0,0,1,1
5,5500,1,8.470646090663378e-06,24903691.013805144,0.21052631578947367,1,1.6543729176594606,0.5532459946186022,0.8637328792713072,0.7299412991081882,0,0,2.8683562679503494,3
5.5,5500,1,7.904236971662382e-05,57392974.295281395,0.631578947368421,1,3.812663042012718,0.5302844163669922,0.26255839979357704,0.041481962443238984,0,0,26.765570675916543,1
6,5500,1,8.667904493047858e-05,15053251.143060219,0.21052631578947367,1,1,0.14846777491404145,0.3608408771985871,0.8144950295898451,0,0,29.351525157016333,3
