total_formants,max_formant,mdist,residual_energy,sos_geom_mean,validity,mdist_ratio,sos_geom_mean_ratio,r2_f1,r2_f2,r2_f3,r2_f4,r2_f5,energy_ratio,validity_ratio
4.5,5500,4.473748943184706,3.5761866695297416e-06,7239910.858838066,0.875,1.6795736468797449,126.99716646196809,0.8878269086854668,0.43361448647140105,0.8605264911989441,0,0,1,1.1428571428571428
5,5500,2.9345316562010915,8.306013324696593e-06,91320.03895592646,1,1.1017073372430037,1.601868643788864,0.5746256448792404,0.7659008972841056,0.5514324140924056,0,0,2.322589420587715,1
5.5,5500,2.944495437881489,8.84954615265784e-06,64389.21088459516,1,1.1054480266169913,1.1294679578938995,0.5680931281007986,0.7778120571111732,0.2957510551385579,0,0,2.474576125474326,1
6,5500,2.6636217777624016,1.418033700276954e-05,57008.44405064901,0.1875,1,1,0.6524520792186724,0.8406798066521097,0.728524226529935,0,0,3.965211638304724,5.333333333333333
