total_formants,max_formant,mdist,residual_energy,sos_geom_mean,validity,mdist_ratio,sos_geom_mean_ratio,r2_f1,r2_f2,r2_f3,r2_f4,r2_f5,energy_ratio,validity_ratio
4.5,5500,1,0.00010337352620050789,4908807.142325618,1,1,3.6098783765097666,0.939223568570696,0.880798824262626,0.5575630979813655,0,0,1,1
5,5500,1,0.0003669780618943978,1422099.162204582,0.9791666666666666,1,1.045794806365698,0.8551471663941091,0.9337456788118376,0.015927691733849964,0,0,3.5500197718184716,1.021276595744681
5.5,5500,1,0.0003499398035055262,1359826.1853552333,1,1,1,0.843568655646863,0.9248856936481902,0.051230653885877345,0,0,3.38519751011267,1
6,5500,1,0.001461806740330649,37651991.7884808,0.75,1,27.688826847120033,0.8363646150030769,0.6085182878445582,0.2874061534507781,0,0,14.141016506443473,1.3333333333333333
